"No.","Time","Source","Destination","Protocol","Length","Identification","Sender MAC address","Sender IP address","Info"
"1","0.000000000","Dell_15:d1:e0","Broadcast","ARP","60","","28:f1:0e:15:d1:e0","192.168.1.119","Who has 192.168.1.1? Tell 192.168.1.119"
"2","0.078809974","LiteonTe_89:d4:6b","Broadcast","ARP","60","","3c:95:09:89:d4:6b","192.168.1.122","Who has 192.168.1.1? Tell 192.168.1.122"
"3","0.083528009","Apple_45:18:cc","Broadcast","ARP","60","","b8:e8:56:45:18:cc","192.168.1.128","Who has 192.168.1.1? Tell 192.168.1.128"
"4","0.084362434","IntelCor_e4:13:a8","Broadcast","ARP","60","","34:e6:ad:e4:13:a8","192.168.1.108","Who has 192.168.1.1? Tell 192.168.1.108"
"5","0.142706477","CompalIn_bd:cd:3a","Broadcast","ARP","60","","f0:76:1c:bd:cd:3a","192.168.1.126","Who has 192.168.1.1? Tell 192.168.1.126"
"6","0.168786811","5a:1e:90:10:53:d8","Broadcast","ARP","60","","5a:1e:90:10:53:d8","192.168.1.121","Who has 192.168.1.1? Tell 192.168.1.121"
"7","0.220849224","HewlettP_7b:d9:e4","Broadcast","ARP","60","","d4:c9:ef:7b:d9:e4","192.168.1.111","Who has 192.168.1.1? Tell 192.168.1.111"
"10","0.410277604","LiteonTe_95:f8:bf","Broadcast","ARP","60","","98:22:ef:95:f8:bf","192.168.1.130","Who has 192.168.1.1? Tell 192.168.1.130"
"12","0.473100954","Apple_e9:9b:b4","Broadcast","ARP","60","","48:bf:6b:e9:9b:b4","192.168.1.109","Who has 192.168.1.1? Tell 192.168.1.109"
"13","0.566815651","Apple_17:08:d0","Broadcast","ARP","60","","a8:bb:cf:17:08:d0","192.168.1.120","Who has 192.168.1.1? Tell 192.168.1.120"
"14","0.651757274","HonHaiPr_a6:69:81","Broadcast","ARP","60","","94:53:30:a6:69:81","192.168.1.131","Who has 192.168.1.1? Tell 192.168.1.131"
"15","0.740852237","IntelCor_77:4f:9d","Broadcast","ARP","60","","10:02:b5:77:4f:9d","192.168.1.138","Who has 192.168.1.1? Tell 192.168.1.138"
"16","0.808124193","IntelCor_a2:2c:95","Broadcast","ARP","60","","74:e5:f9:a2:2c:95","192.168.1.101","Who has 192.168.1.1? Tell 192.168.1.101"
"17","0.825376120","5a:1e:90:10:53:d8","Broadcast","ARP","60","","5a:1e:90:10:53:d8","192.168.1.121","Who has 192.168.1.1? Tell 192.168.1.121"
"18","0.848873464","AsustekC_37:7a:f9","Broadcast","ARP","60","","2c:56:dc:37:7a:f9","192.168.1.103","Who has 192.168.1.1? Tell 192.168.1.103"
"21","0.899392098","IntelCor_ce:0a:22","Broadcast","ARP","60","","10:02:b5:ce:0a:22","192.168.1.148","Who has 192.168.1.1? Tell 192.168.1.148"
"22","1.024230446","Dell_15:d1:e0","Broadcast","ARP","60","","28:f1:0e:15:d1:e0","192.168.1.119","Who has 192.168.1.1? Tell 192.168.1.119"
"23","1.143053594","CompalIn_bd:cd:3a","Broadcast","ARP","60","","f0:76:1c:bd:cd:3a","192.168.1.126","Who has 192.168.1.1? Tell 192.168.1.126"
"24","1.145424629","Apple_45:18:cc","Broadcast","ARP","60","","b8:e8:56:45:18:cc","192.168.1.128","Who has 192.168.1.1? Tell 192.168.1.128"
"25","1.213912991","HewlettP_7b:d9:e4","Broadcast","ARP","60","","d4:c9:ef:7b:d9:e4","192.168.1.111","Who has 192.168.1.1? Tell 192.168.1.111"
"26","1.271760604","HonHaiPr_dd:2a:cd","Broadcast","ARP","60","","14:2d:27:dd:2a:cd","192.168.1.145","Who has 192.168.1.1? Tell 192.168.1.145"
"27","1.412361306","LiteonTe_95:f8:bf","Broadcast","ARP","60","","98:22:ef:95:f8:bf","192.168.1.130","Who has 192.168.1.1? Tell 192.168.1.130"
"29","1.478428209","Apple_e9:9b:b4","Broadcast","ARP","60","","48:bf:6b:e9:9b:b4","192.168.1.109","Who has 192.168.1.1? Tell 192.168.1.109"
"30","1.479277121","Azurewav_22:40:a3","Broadcast","ARP","60","","28:c2:dd:22:40:a3","192.168.1.147","Who has 192.168.1.1? Tell 192.168.1.147"
"31","1.568654595","Apple_17:08:d0","Broadcast","ARP","60","","a8:bb:cf:17:08:d0","192.168.1.120","Who has 192.168.1.1? Tell 192.168.1.120"
"32","1.625409005","HewlettP_46:0f:53","Broadcast","ARP","42","","a0:2b:b8:46:0f:53","192.168.1.106","Who has 192.168.1.1? Tell 192.168.1.106"
"33","1.658326880","HonHaiPr_a6:69:81","Broadcast","ARP","60","","94:53:30:a6:69:81","192.168.1.131","Who has 192.168.1.1? Tell 192.168.1.131"
"34","1.688301381","LiteonTe_05:e8:c4","Broadcast","ARP","60","","3c:a0:67:05:e8:c4","192.168.1.144","Who has 192.168.1.1? Tell 192.168.1.144"
"35","1.741027520","IntelCor_77:4f:9d","Broadcast","ARP","60","","10:02:b5:77:4f:9d","192.168.1.138","Who has 192.168.1.1? Tell 192.168.1.138"
"36","1.836499054","5a:1e:90:10:53:d8","Broadcast","ARP","60","","5a:1e:90:10:53:d8","192.168.1.121","Who has 192.168.1.1? Tell 192.168.1.121"
"37","1.883490479","IntelCor_ce:0a:22","Broadcast","ARP","60","","10:02:b5:ce:0a:22","192.168.1.148","Who has 192.168.1.1? Tell 192.168.1.148"
"38","1.952113128","IntelCor_a2:2c:95","Broadcast","ARP","60","","74:e5:f9:a2:2c:95","192.168.1.101","Who has 192.168.1.1? Tell 192.168.1.101"
"39","2.048903597","Dell_15:d1:e0","Broadcast","ARP","60","","28:f1:0e:15:d1:e0","192.168.1.119","Who has 192.168.1.1? Tell 192.168.1.119"
"40","2.081180486","HonHaiPr_dd:2a:cd","Broadcast","ARP","60","","14:2d:27:dd:2a:cd","192.168.1.145","Who has 192.168.1.1? Tell 192.168.1.145"
"41","2.147630109","LiteonTe_89:d4:6b","Broadcast","ARP","60","","3c:95:09:89:d4:6b","192.168.1.122","Who has 192.168.1.1? Tell 192.168.1.122"
"42","2.166320398","Azurewav_22:40:a3","Broadcast","ARP","60","","28:c2:dd:22:40:a3","192.168.1.147","Who has 192.168.1.1? Tell 192.168.1.147"
"43","2.211856489","Apple_45:18:cc","Broadcast","ARP","60","","b8:e8:56:45:18:cc","192.168.1.128","Who has 192.168.1.1? Tell 192.168.1.128"
"44","2.214305002","HewlettP_7b:d9:e4","Broadcast","ARP","60","","d4:c9:ef:7b:d9:e4","192.168.1.111","Who has 192.168.1.1? Tell 192.168.1.111"
"45","2.385991792","LiteonTe_05:e8:c4","Broadcast","ARP","60","","3c:a0:67:05:e8:c4","192.168.1.144","Who has 192.168.1.1? Tell 192.168.1.144"
"46","2.438716720","LiteonTe_95:f8:bf","Broadcast","ARP","60","","98:22:ef:95:f8:bf","192.168.1.130","Who has 192.168.1.1? Tell 192.168.1.130"
"49","2.482445917","Apple_e9:9b:b4","Broadcast","ARP","60","","48:bf:6b:e9:9b:b4","192.168.1.109","Who has 192.168.1.1? Tell 192.168.1.109"
"51","2.571229266","Apple_17:08:d0","Broadcast","ARP","60","","a8:bb:cf:17:08:d0","192.168.1.120","Who has 192.168.1.1? Tell 192.168.1.120"
"54","2.657265445","HewlettP_46:0f:53","Broadcast","ARP","42","","a0:2b:b8:46:0f:53","192.168.1.106","Who has 192.168.1.1? Tell 192.168.1.106"
"57","2.804761191","IntelCor_a2:2c:95","Broadcast","ARP","60","","74:e5:f9:a2:2c:95","192.168.1.101","Who has 192.168.1.1? Tell 192.168.1.101"
"58","2.883920377","IntelCor_ce:0a:22","Broadcast","ARP","60","","10:02:b5:ce:0a:22","192.168.1.148","Who has 192.168.1.1? Tell 192.168.1.148"
"60","3.073004787","Dell_15:d1:e0","Broadcast","ARP","60","","28:f1:0e:15:d1:e0","192.168.1.119","Who has 192.168.1.1? Tell 192.168.1.119"
"61","3.076149942","LiteonTe_89:d4:6b","Broadcast","ARP","60","","3c:95:09:89:d4:6b","192.168.1.122","Who has 192.168.1.1? Tell 192.168.1.122"
"62","3.084836416","HonHaiPr_dd:2a:cd","Broadcast","ARP","60","","14:2d:27:dd:2a:cd","192.168.1.145","Who has 192.168.1.1? Tell 192.168.1.145"
"63","3.171407586","Azurewav_22:40:a3","Broadcast","ARP","60","","28:c2:dd:22:40:a3","192.168.1.147","Who has 192.168.1.1? Tell 192.168.1.147"
"64","3.281009886","Apple_45:18:cc","Broadcast","ARP","60","","b8:e8:56:45:18:cc","192.168.1.128","Who has 192.168.1.1? Tell 192.168.1.128"
"65","3.383775711","LiteonTe_05:e8:c4","Broadcast","ARP","60","","3c:a0:67:05:e8:c4","192.168.1.144","Who has 192.168.1.1? Tell 192.168.1.144"
"67","3.466558558","LiteonTe_95:f8:bf","Broadcast","ARP","60","","98:22:ef:95:f8:bf","192.168.1.130","Who has 192.168.1.1? Tell 192.168.1.130"
"68","3.484917378","Apple_e9:9b:b4","Broadcast","ARP","60","","48:bf:6b:e9:9b:b4","192.168.1.109","Who has 192.168.1.1? Tell 192.168.1.109"
"69","3.571405981","Apple_17:08:d0","Broadcast","ARP","60","","a8:bb:cf:17:08:d0","192.168.1.120","Who has 192.168.1.1? Tell 192.168.1.120"
"70","3.644801691","LiteonTe_89:d4:6b","Broadcast","ARP","60","","3c:95:09:89:d4:6b","192.168.1.122","Who has 192.168.1.147? Tell 192.168.1.122"
"71","3.681277860","HewlettP_46:0f:53","Broadcast","ARP","42","","a0:2b:b8:46:0f:53","192.168.1.106","Who has 192.168.1.1? Tell 192.168.1.106"
"72","3.795623861","IntelCor_a2:2c:95","Broadcast","ARP","60","","74:e5:f9:a2:2c:95","192.168.1.101","Who has 192.168.1.1? Tell 192.168.1.101"
"73","4.077582702","LiteonTe_89:d4:6b","Broadcast","ARP","60","","3c:95:09:89:d4:6b","192.168.1.122","Who has 192.168.1.1? Tell 192.168.1.122"
"74","4.097324816","Dell_15:d1:e0","Broadcast","ARP","60","","28:f1:0e:15:d1:e0","192.168.1.119","Who has 192.168.1.1? Tell 192.168.1.119"
"75","4.332473455","HonHaiPr_dd:2a:cd","Broadcast","ARP","60","","14:2d:27:dd:2a:cd","192.168.1.145","Who has 192.168.1.1? Tell 192.168.1.145"
"76","4.346655642","Apple_45:18:cc","Broadcast","ARP","60","","b8:e8:56:45:18:cc","192.168.1.128","Who has 192.168.1.1? Tell 192.168.1.128"
"79","4.484848668","LiteonTe_95:f8:bf","Broadcast","ARP","60","","98:22:ef:95:f8:bf","192.168.1.130","Who has 192.168.1.1? Tell 192.168.1.130"
"80","4.487459735","IntelCor_e4:13:a8","Broadcast","ARP","60","","34:e6:ad:e4:13:a8","192.168.1.108","Who has 192.168.1.1? Tell 192.168.1.108"
"81","4.490212572","Apple_e9:9b:b4","Broadcast","ARP","60","","48:bf:6b:e9:9b:b4","192.168.1.109","Who has 192.168.1.1? Tell 192.168.1.109"
"82","4.576626560","Apple_17:08:d0","Broadcast","ARP","60","","a8:bb:cf:17:08:d0","192.168.1.120","Who has 192.168.1.1? Tell 192.168.1.120"
"84","4.861133016","LiteonTe_05:e8:c4","Broadcast","ARP","60","","3c:a0:67:05:e8:c4","192.168.1.144","Who has 192.168.1.1? Tell 192.168.1.144"
"85","5.083525539","HonHaiPr_dd:2a:cd","Broadcast","ARP","60","","14:2d:27:dd:2a:cd","192.168.1.145","Who has 192.168.1.1? Tell 192.168.1.145"
"86","5.089518724","IntelCor_e4:13:a8","Broadcast","ARP","60","","34:e6:ad:e4:13:a8","192.168.1.108","Who has 192.168.1.1? Tell 192.168.1.108"
"87","5.122633665","Dell_15:d1:e0","Broadcast","ARP","60","","28:f1:0e:15:d1:e0","192.168.1.119","Who has 192.168.1.1? Tell 192.168.1.119"
"89","5.301400000","LiteonTe_89:d4:6b","Broadcast","ARP","60","","3c:95:09:89:d4:6b","192.168.1.122","Who has 192.168.1.1? Tell 192.168.1.122"
"91","5.384544920","LiteonTe_05:e8:c4","Broadcast","ARP","60","","3c:a0:67:05:e8:c4","192.168.1.144","Who has 192.168.1.1? Tell 192.168.1.144"
"92","5.395263557","Azurewav_22:40:a3","Broadcast","ARP","60","","28:c2:dd:22:40:a3","192.168.1.147","Who has 192.168.1.1? Tell 192.168.1.147"
"93","5.402509657","Apple_45:18:cc","Broadcast","ARP","60","","b8:e8:56:45:18:cc","192.168.1.128","Who has 192.168.1.1? Tell 192.168.1.128"
"95","5.495112249","Apple_e9:9b:b4","Broadcast","ARP","60","","48:bf:6b:e9:9b:b4","192.168.1.109","Who has 192.168.1.1? Tell 192.168.1.109"
"96","5.509406921","LiteonTe_95:f8:bf","Broadcast","ARP","60","","98:22:ef:95:f8:bf","192.168.1.130","Who has 192.168.1.1? Tell 192.168.1.130"
"98","5.576381020","Apple_17:08:d0","Broadcast","ARP","60","","a8:bb:cf:17:08:d0","192.168.1.120","Who has 192.168.1.1? Tell 192.168.1.120"
"99","5.772909355","AsustekC_37:7a:f9","Broadcast","ARP","60","","2c:56:dc:37:7a:f9","192.168.1.103","Who has 192.168.1.1? Tell 192.168.1.103"
"100","5.956905949","IntelCor_a2:2c:95","Broadcast","ARP","60","","74:e5:f9:a2:2c:95","192.168.1.101","Who has 192.168.1.1? Tell 192.168.1.101"
"101","6.076650012","LiteonTe_89:d4:6b","Broadcast","ARP","60","","3c:95:09:89:d4:6b","192.168.1.122","Who has 192.168.1.1? Tell 192.168.1.122"
"102","6.082432446","HonHaiPr_dd:2a:cd","Broadcast","ARP","60","","14:2d:27:dd:2a:cd","192.168.1.145","Who has 192.168.1.1? Tell 192.168.1.145"
"103","6.091512604","IntelCor_e4:13:a8","Broadcast","ARP","60","","34:e6:ad:e4:13:a8","192.168.1.108","Who has 192.168.1.1? Tell 192.168.1.108"
"104","6.146109972","Dell_15:d1:e0","Broadcast","ARP","60","","28:f1:0e:15:d1:e0","192.168.1.119","Who has 192.168.1.1? Tell 192.168.1.119"
"105","6.171160236","Azurewav_22:40:a3","Broadcast","ARP","60","","28:c2:dd:22:40:a3","192.168.1.147","Who has 192.168.1.1? Tell 192.168.1.147"
"106","6.350565502","AsustekC_37:7a:f9","Broadcast","ARP","60","","2c:56:dc:37:7a:f9","192.168.1.103","Who has 192.168.1.1? Tell 192.168.1.103"
"107","6.388729828","LiteonTe_05:e8:c4","Broadcast","ARP","60","","3c:a0:67:05:e8:c4","192.168.1.144","Who has 192.168.1.1? Tell 192.168.1.144"
"110","6.463756957","Apple_45:18:cc","Broadcast","ARP","60","","b8:e8:56:45:18:cc","192.168.1.128","Who has 192.168.1.1? Tell 192.168.1.128"
"111","6.500238967","Apple_e9:9b:b4","Broadcast","ARP","60","","48:bf:6b:e9:9b:b4","192.168.1.109","Who has 192.168.1.1? Tell 192.168.1.109"
"113","6.579125670","Apple_17:08:d0","Broadcast","ARP","60","","a8:bb:cf:17:08:d0","192.168.1.120","Who has 192.168.1.1? Tell 192.168.1.120"
"114","6.803253870","IntelCor_a2:2c:95","Broadcast","ARP","60","","74:e5:f9:a2:2c:95","192.168.1.101","Who has 192.168.1.1? Tell 192.168.1.101"
"116","6.875378220","HewlettP_46:0f:53","Broadcast","ARP","42","","a0:2b:b8:46:0f:53","192.168.1.106","Who has 192.168.1.1? Tell 192.168.1.106"
"117","6.916589591","HonHaiPr_a6:69:81","Broadcast","ARP","60","","94:53:30:a6:69:81","192.168.1.131","Who has 192.168.1.1? Tell 192.168.1.131"
"118","7.073851524","LiteonTe_95:f8:bf","Broadcast","ARP","60","","98:22:ef:95:f8:bf","192.168.1.130","Who has 192.168.1.1? Tell 192.168.1.130"
"119","7.077240517","LiteonTe_89:d4:6b","Broadcast","ARP","60","","3c:95:09:89:d4:6b","192.168.1.122","Who has 192.168.1.1? Tell 192.168.1.122"
"120","7.170467215","Dell_15:d1:e0","Broadcast","ARP","60","","28:f1:0e:15:d1:e0","192.168.1.119","Who has 192.168.1.1? Tell 192.168.1.119"
"121","7.171695320","Azurewav_22:40:a3","Broadcast","ARP","60","","28:c2:dd:22:40:a3","192.168.1.147","Who has 192.168.1.1? Tell 192.168.1.147"
"122","7.190149753","5a:1e:90:10:53:d8","Broadcast","ARP","60","","5a:1e:90:10:53:d8","192.168.1.121","Who has 192.168.1.1? Tell 192.168.1.121"
"123","7.350848443","AsustekC_37:7a:f9","Broadcast","ARP","60","","2c:56:dc:37:7a:f9","192.168.1.103","Who has 192.168.1.1? Tell 192.168.1.103"
"125","7.505070774","Apple_e9:9b:b4","Broadcast","ARP","60","","48:bf:6b:e9:9b:b4","192.168.1.109","Who has 192.168.1.1? Tell 192.168.1.109"
"127","7.532949520","Apple_45:18:cc","Broadcast","ARP","60","","b8:e8:56:45:18:cc","192.168.1.128","Who has 192.168.1.1? Tell 192.168.1.128"
"129","7.587286887","Apple_17:08:d0","Broadcast","ARP","60","","a8:bb:cf:17:08:d0","192.168.1.120","Who has 192.168.1.1? Tell 192.168.1.120"
"130","7.650430991","HonHaiPr_a6:69:81","Broadcast","ARP","60","","94:53:30:a6:69:81","192.168.1.131","Who has 192.168.1.1? Tell 192.168.1.131"
"131","7.807647298","IntelCor_a2:2c:95","Broadcast","ARP","60","","74:e5:f9:a2:2c:95","192.168.1.101","Who has 192.168.1.1? Tell 192.168.1.101"
"133","7.829196339","5a:1e:90:10:53:d8","Broadcast","ARP","60","","5a:1e:90:10:53:d8","192.168.1.121","Who has 192.168.1.1? Tell 192.168.1.121"
"134","7.905251724","HewlettP_46:0f:53","Broadcast","ARP","42","","a0:2b:b8:46:0f:53","192.168.1.106","Who has 192.168.1.1? Tell 192.168.1.106"
"137","8.104865685","LiteonTe_95:f8:bf","Broadcast","ARP","60","","98:22:ef:95:f8:bf","192.168.1.130","Who has 192.168.1.1? Tell 192.168.1.130"
"138","8.147972108","LiteonTe_89:d4:6b","Broadcast","ARP","60","","3c:95:09:89:d4:6b","192.168.1.122","Who has 192.168.1.1? Tell 192.168.1.122"
"139","8.195834205","Dell_15:d1:e0","Broadcast","ARP","60","","28:f1:0e:15:d1:e0","192.168.1.119","Who has 192.168.1.1? Tell 192.168.1.119"
"140","8.348539595","HonHaiPr_dd:2a:cd","Broadcast","ARP","60","","14:2d:27:dd:2a:cd","192.168.1.145","Who has 192.168.1.1? Tell 192.168.1.145"
"141","8.438712862","Azurewav_22:40:a3","Broadcast","ARP","60","","28:c2:dd:22:40:a3","192.168.1.147","Who has 192.168.1.1? Tell 192.168.1.147"
"143","8.505962191","Apple_e9:9b:b4","Broadcast","ARP","60","","48:bf:6b:e9:9b:b4","192.168.1.109","Who has 192.168.1.1? Tell 192.168.1.109"
"145","8.588419816","Apple_17:08:d0","Broadcast","ARP","60","","a8:bb:cf:17:08:d0","192.168.1.120","Who has 192.168.1.1? Tell 192.168.1.120"
"146","8.598185726","Apple_45:18:cc","Broadcast","ARP","60","","b8:e8:56:45:18:cc","192.168.1.128","Who has 192.168.1.1? Tell 192.168.1.128"
"147","8.636705075","Apple_17:08:d0","Broadcast","ARP","60","","a8:bb:cf:17:08:d0","192.168.1.120","Who has 192.168.1.117? Tell 192.168.1.120"
"148","8.653012973","HonHaiPr_a6:69:81","Broadcast","ARP","60","","94:53:30:a6:69:81","192.168.1.131","Who has 192.168.1.1? Tell 192.168.1.131"
"149","8.801047552","IntelCor_a2:2c:95","Broadcast","ARP","60","","74:e5:f9:a2:2c:95","192.168.1.101","Who has 192.168.1.1? Tell 192.168.1.101"
"150","8.829908880","5a:1e:90:10:53:d8","Broadcast","ARP","60","","5a:1e:90:10:53:d8","192.168.1.121","Who has 192.168.1.1? Tell 192.168.1.121"
"152","8.929223880","HewlettP_46:0f:53","Broadcast","ARP","42","","a0:2b:b8:46:0f:53","192.168.1.106","Who has 192.168.1.1? Tell 192.168.1.106"
"153","9.073980741","IntelCor_ce:0a:22","Broadcast","ARP","60","","10:02:b5:ce:0a:22","192.168.1.148","Who has 192.168.1.1? Tell 192.168.1.148"
"154","9.080402139","LiteonTe_89:d4:6b","Broadcast","ARP","60","","3c:95:09:89:d4:6b","192.168.1.122","Who has 192.168.1.1? Tell 192.168.1.122"
"155","9.084104744","HonHaiPr_dd:2a:cd","Broadcast","ARP","60","","14:2d:27:dd:2a:cd","192.168.1.145","Who has 192.168.1.1? Tell 192.168.1.145"
"164","9.129029479","LiteonTe_95:f8:bf","Broadcast","ARP","60","","98:22:ef:95:f8:bf","192.168.1.130","Who has 192.168.1.1? Tell 192.168.1.130"
"173","9.172791730","Azurewav_22:40:a3","Broadcast","ARP","60","","28:c2:dd:22:40:a3","192.168.1.147","Who has 192.168.1.1? Tell 192.168.1.147"
"174","9.219289592","Dell_15:d1:e0","Broadcast","ARP","60","","28:f1:0e:15:d1:e0","192.168.1.119","Who has 192.168.1.1? Tell 192.168.1.119"
"176","9.507182788","Apple_e9:9b:b4","Broadcast","ARP","60","","48:bf:6b:e9:9b:b4","192.168.1.109","Who has 192.168.1.1? Tell 192.168.1.109"
"177","9.589839510","Apple_17:08:d0","Broadcast","ARP","60","","a8:bb:cf:17:08:d0","192.168.1.120","Who has 192.168.1.1? Tell 192.168.1.120"
"178","9.658358379","Apple_45:18:cc","Broadcast","ARP","60","","b8:e8:56:45:18:cc","192.168.1.128","Who has 192.168.1.1? Tell 192.168.1.128"
"179","9.709602229","LiteonTe_05:e8:c4","Broadcast","ARP","60","","3c:a0:67:05:e8:c4","192.168.1.144","Who has 192.168.1.1? Tell 192.168.1.144"
"180","9.802165437","IntelCor_a2:2c:95","Broadcast","ARP","60","","74:e5:f9:a2:2c:95","192.168.1.101","Who has 192.168.1.1? Tell 192.168.1.101"
"182","9.885430147","IntelCor_ce:0a:22","Broadcast","ARP","60","","10:02:b5:ce:0a:22","192.168.1.148","Who has 192.168.1.1? Tell 192.168.1.148"
"183","9.911407569","HonHaiPr_a6:69:81","Broadcast","ARP","60","","94:53:30:a6:69:81","192.168.1.131","Who has 192.168.1.1? Tell 192.168.1.131"
"184","10.027716181","IntelCor_e4:13:a8","Broadcast","ARP","60","","34:e6:ad:e4:13:a8","192.168.1.108","Who has 192.168.1.1? Tell 192.168.1.108"
"185","10.078557630","LiteonTe_89:d4:6b","Broadcast","ARP","60","","3c:95:09:89:d4:6b","192.168.1.122","Who has 192.168.1.1? Tell 192.168.1.122"
"186","10.083180687","HonHaiPr_dd:2a:cd","Broadcast","ARP","60","","14:2d:27:dd:2a:cd","192.168.1.145","Who has 192.168.1.1? Tell 192.168.1.145"
"187","10.172761512","Azurewav_22:40:a3","Broadcast","ARP","60","","28:c2:dd:22:40:a3","192.168.1.147","Who has 192.168.1.1? Tell 192.168.1.147"
"188","10.243684773","Dell_15:d1:e0","Broadcast","ARP","60","","28:f1:0e:15:d1:e0","192.168.1.119","Who has 192.168.1.1? Tell 192.168.1.119"
"191","10.388005107","LiteonTe_05:e8:c4","Broadcast","ARP","60","","3c:a0:67:05:e8:c4","192.168.1.144","Who has 192.168.1.1? Tell 192.168.1.144"
"192","10.422881017","LiteonTe_95:f8:bf","Broadcast","ARP","60","","98:22:ef:95:f8:bf","192.168.1.130","Who has 192.168.1.1? Tell 192.168.1.130"
"194","10.508142289","Apple_e9:9b:b4","Broadcast","ARP","60","","48:bf:6b:e9:9b:b4","192.168.1.109","Who has 192.168.1.1? Tell 192.168.1.109"
"195","10.584345834","IntelCor_e4:13:a8","Broadcast","ARP","60","","34:e6:ad:e4:13:a8","192.168.1.108","Who has 192.168.1.1? Tell 192.168.1.108"
"196","10.588933471","Apple_17:08:d0","Broadcast","ARP","60","","a8:bb:cf:17:08:d0","192.168.1.120","Who has 192.168.1.1? Tell 192.168.1.120"
"197","10.660517556","HonHaiPr_a6:69:81","Broadcast","ARP","60","","94:53:30:a6:69:81","192.168.1.131","Who has 192.168.1.1? Tell 192.168.1.131"
"198","10.708095492","Apple_45:18:cc","Broadcast","ARP","60","","b8:e8:56:45:18:cc","192.168.1.128","Who has 192.168.1.1? Tell 192.168.1.128"
"199","10.710588318","LiteonTe_05:e8:c4","Broadcast","ARP","60","","3c:a0:67:05:e8:c4","192.168.1.144","Who has 192.168.1.1? Tell 192.168.1.144"
"200","10.813277527","IntelCor_a2:2c:95","Broadcast","ARP","60","","74:e5:f9:a2:2c:95","192.168.1.101","Who has 192.168.1.1? Tell 192.168.1.101"
"201","10.883286703","CompalIn_bd:cd:3a","Broadcast","ARP","60","","f0:76:1c:bd:cd:3a","192.168.1.126","Who has 192.168.1.1? Tell 192.168.1.126"
"202","10.887325583","IntelCor_ce:0a:22","Broadcast","ARP","60","","10:02:b5:ce:0a:22","192.168.1.148","Who has 192.168.1.1? Tell 192.168.1.148"
"203","11.083646342","HonHaiPr_dd:2a:cd","Broadcast","ARP","60","","14:2d:27:dd:2a:cd","192.168.1.145","Who has 192.168.1.1? Tell 192.168.1.145"
"204","11.190097167","5a:1e:90:10:53:d8","Broadcast","ARP","60","","5a:1e:90:10:53:d8","192.168.1.121","Who has 192.168.1.1? Tell 192.168.1.121"
"205","11.268788745","Dell_15:d1:e0","Broadcast","ARP","60","","28:f1:0e:15:d1:e0","192.168.1.119","Who has 192.168.1.1? Tell 192.168.1.119"
"206","11.393341054","LiteonTe_05:e8:c4","Broadcast","ARP","60","","3c:a0:67:05:e8:c4","192.168.1.144","Who has 192.168.1.1? Tell 192.168.1.144"
"207","11.431444482","LiteonTe_95:f8:bf","Broadcast","ARP","60","","98:22:ef:95:f8:bf","192.168.1.130","Who has 192.168.1.1? Tell 192.168.1.130"
"209","11.512709300","Apple_e9:9b:b4","Broadcast","ARP","60","","48:bf:6b:e9:9b:b4","192.168.1.109","Who has 192.168.1.1? Tell 192.168.1.109"
"212","11.582240508","IntelCor_e4:13:a8","Broadcast","ARP","60","","34:e6:ad:e4:13:a8","192.168.1.108","Who has 192.168.1.1? Tell 192.168.1.108"
"213","11.597763655","Apple_17:08:d0","Broadcast","ARP","60","","a8:bb:cf:17:08:d0","192.168.1.120","Who has 192.168.1.1? Tell 192.168.1.120"
"238","11.651578923","CompalIn_bd:cd:3a","Broadcast","ARP","60","","f0:76:1c:bd:cd:3a","192.168.1.126","Who has 192.168.1.1? Tell 192.168.1.126"
"239","11.657922648","HonHaiPr_a6:69:81","Broadcast","ARP","60","","94:53:30:a6:69:81","192.168.1.131","Who has 192.168.1.1? Tell 192.168.1.131"
"240","11.783335414","Apple_45:18:cc","Broadcast","ARP","60","","b8:e8:56:45:18:cc","192.168.1.128","Who has 192.168.1.1? Tell 192.168.1.128"
"241","11.830645364","5a:1e:90:10:53:d8","Broadcast","ARP","60","","5a:1e:90:10:53:d8","192.168.1.121","Who has 192.168.1.1? Tell 192.168.1.121"
"242","12.083974877","HonHaiPr_dd:2a:cd","Broadcast","ARP","60","","14:2d:27:dd:2a:cd","192.168.1.145","Who has 192.168.1.1? Tell 192.168.1.145"
"243","12.125284151","HewlettP_46:0f:53","Broadcast","ARP","42","","a0:2b:b8:46:0f:53","192.168.1.106","Who has 192.168.1.1? Tell 192.168.1.106"
"244","12.292381783","Dell_15:d1:e0","Broadcast","ARP","60","","28:f1:0e:15:d1:e0","192.168.1.119","Who has 192.168.1.1? Tell 192.168.1.119"
"245","12.387064753","LiteonTe_05:e8:c4","Broadcast","ARP","60","","3c:a0:67:05:e8:c4","192.168.1.144","Who has 192.168.1.1? Tell 192.168.1.144"
"246","12.435356180","LiteonTe_89:d4:6b","Broadcast","ARP","60","","3c:95:09:89:d4:6b","192.168.1.122","Who has 192.168.1.1? Tell 192.168.1.122"
"247","12.439404880","Azurewav_22:40:a3","Broadcast","ARP","60","","28:c2:dd:22:40:a3","192.168.1.147","Who has 192.168.1.1? Tell 192.168.1.147"
"249","12.492197956","LiteonTe_95:f8:bf","Broadcast","ARP","60","","98:22:ef:95:f8:bf","192.168.1.130","Who has 192.168.1.1? Tell 192.168.1.130"
"250","12.518407195","Apple_e9:9b:b4","Broadcast","ARP","60","","48:bf:6b:e9:9b:b4","192.168.1.109","Who has 192.168.1.1? Tell 192.168.1.109"
"252","12.600817578","Apple_17:08:d0","Broadcast","ARP","60","","a8:bb:cf:17:08:d0","192.168.1.120","Who has 192.168.1.1? Tell 192.168.1.120"
"253","12.651958563","CompalIn_bd:cd:3a","Broadcast","ARP","60","","f0:76:1c:bd:cd:3a","192.168.1.126","Who has 192.168.1.1? Tell 192.168.1.126"
"254","12.662065103","HonHaiPr_a6:69:81","Broadcast","ARP","60","","94:53:30:a6:69:81","192.168.1.131","Who has 192.168.1.1? Tell 192.168.1.131"
"255","12.800577895","AsustekC_37:7a:f9","Broadcast","ARP","60","","2c:56:dc:37:7a:f9","192.168.1.103","Who has 192.168.1.1? Tell 192.168.1.103"
"256","12.835436000","5a:1e:90:10:53:d8","Broadcast","ARP","60","","5a:1e:90:10:53:d8","192.168.1.121","Who has 192.168.1.1? Tell 192.168.1.121"
"257","12.849982392","Apple_45:18:cc","Broadcast","ARP","60","","b8:e8:56:45:18:cc","192.168.1.128","Who has 192.168.1.1? Tell 192.168.1.128"
"286","13.077993893","LcfcHefe_c4:1d:42","Broadcast","ARP","60","","68:f7:28:c4:1d:42","192.168.1.118","Who has 192.168.1.1? Tell 192.168.1.118"
"287","13.079857620","LiteonTe_89:d4:6b","Broadcast","ARP","60","","3c:95:09:89:d4:6b","192.168.1.122","Who has 192.168.1.1? Tell 192.168.1.122"
"288","13.089330448","HonHaiPr_dd:2a:cd","Broadcast","ARP","60","","14:2d:27:dd:2a:cd","192.168.1.145","Who has 192.168.1.1? Tell 192.168.1.145"
"289","13.114672388","IntelCor_ce:0a:22","Broadcast","ARP","60","","10:02:b5:ce:0a:22","192.168.1.148","Who has 192.168.1.1? Tell 192.168.1.148"
"290","13.153250877","HewlettP_46:0f:53","Broadcast","ARP","42","","a0:2b:b8:46:0f:53","192.168.1.106","Who has 192.168.1.1? Tell 192.168.1.106"
"291","13.174150533","Azurewav_22:40:a3","Broadcast","ARP","60","","28:c2:dd:22:40:a3","192.168.1.147","Who has 192.168.1.1? Tell 192.168.1.147"
"292","13.316696867","Dell_15:d1:e0","Broadcast","ARP","60","","28:f1:0e:15:d1:e0","192.168.1.119","Who has 192.168.1.1? Tell 192.168.1.119"
"293","13.353969119","IntelCor_e4:13:a8","Broadcast","ARP","60","","34:e6:ad:e4:13:a8","192.168.1.108","Who has 192.168.1.1? Tell 192.168.1.108"
"294","13.355785216","AsustekC_37:7a:f9","Broadcast","ARP","60","","2c:56:dc:37:7a:f9","192.168.1.103","Who has 192.168.1.1? Tell 192.168.1.103"
"296","13.523149927","Apple_e9:9b:b4","Broadcast","ARP","60","","48:bf:6b:e9:9b:b4","192.168.1.109","Who has 192.168.1.1? Tell 192.168.1.109"
"297","13.553080336","LiteonTe_95:f8:bf","Broadcast","ARP","60","","98:22:ef:95:f8:bf","192.168.1.130","Who has 192.168.1.1? Tell 192.168.1.130"
"298","13.612395599","Apple_17:08:d0","Broadcast","ARP","60","","a8:bb:cf:17:08:d0","192.168.1.120","Who has 192.168.1.1? Tell 192.168.1.120"
"299","13.715857623","LiteonTe_05:e8:c4","Broadcast","ARP","60","","3c:a0:67:05:e8:c4","192.168.1.144","Who has 192.168.1.1? Tell 192.168.1.144"
"301","13.831636463","5a:1e:90:10:53:d8","Broadcast","ARP","60","","5a:1e:90:10:53:d8","192.168.1.121","Who has 192.168.1.1? Tell 192.168.1.121"
"302","13.874365597","Apple_45:18:cc","Broadcast","ARP","60","","b8:e8:56:45:18:cc","192.168.1.128","Who has 192.168.1.1? Tell 192.168.1.128"
"303","13.880004287","IntelCor_ce:0a:22","Broadcast","ARP","60","","10:02:b5:ce:0a:22","192.168.1.148","Who has 192.168.1.1? Tell 192.168.1.148"
"304","13.905364183","LcfcHefe_c4:1d:42","Broadcast","ARP","60","","68:f7:28:c4:1d:42","192.168.1.118","Who has 192.168.1.1? Tell 192.168.1.118"
"306","14.085671726","LiteonTe_89:d4:6b","Broadcast","ARP","60","","3c:95:09:89:d4:6b","192.168.1.122","Who has 192.168.1.1? Tell 192.168.1.122"
"307","14.086711560","IntelCor_e4:13:a8","Broadcast","ARP","60","","34:e6:ad:e4:13:a8","192.168.1.108","Who has 192.168.1.1? Tell 192.168.1.108"
"308","14.109599410","HonHaiPr_a6:69:81","Broadcast","ARP","60","","94:53:30:a6:69:81","192.168.1.131","Who has 192.168.1.1? Tell 192.168.1.131"
"309","14.177272479","HewlettP_46:0f:53","Broadcast","ARP","42","","a0:2b:b8:46:0f:53","192.168.1.106","Who has 192.168.1.1? Tell 192.168.1.106"
"310","14.178238091","Azurewav_22:40:a3","Broadcast","ARP","60","","28:c2:dd:22:40:a3","192.168.1.147","Who has 192.168.1.1? Tell 192.168.1.147"
"311","14.341316178","Dell_15:d1:e0","Broadcast","ARP","60","","28:f1:0e:15:d1:e0","192.168.1.119","Who has 192.168.1.1? Tell 192.168.1.119"
"312","14.356390710","AsustekC_37:7a:f9","Broadcast","ARP","60","","2c:56:dc:37:7a:f9","192.168.1.103","Who has 192.168.1.1? Tell 192.168.1.103"
"313","14.394842794","LiteonTe_05:e8:c4","Broadcast","ARP","60","","3c:a0:67:05:e8:c4","192.168.1.144","Who has 192.168.1.1? Tell 192.168.1.144"
"316","14.523603173","Apple_e9:9b:b4","Broadcast","ARP","60","","48:bf:6b:e9:9b:b4","192.168.1.109","Who has 192.168.1.1? Tell 192.168.1.109"
"317","14.609352978","Apple_17:08:d0","Broadcast","ARP","60","","a8:bb:cf:17:08:d0","192.168.1.120","Who has 192.168.1.1? Tell 192.168.1.120"
"318","14.651743938","LiteonTe_95:f8:bf","Broadcast","ARP","60","","98:22:ef:95:f8:bf","192.168.1.130","Who has 192.168.1.1? Tell 192.168.1.130"
"319","14.658093716","HonHaiPr_a6:69:81","Broadcast","ARP","60","","94:53:30:a6:69:81","192.168.1.131","Who has 192.168.1.1? Tell 192.168.1.131"
"320","14.887012237","IntelCor_ce:0a:22","Broadcast","ARP","60","","10:02:b5:ce:0a:22","192.168.1.148","Who has 192.168.1.1? Tell 192.168.1.148"
"321","14.905495776","LcfcHefe_c4:1d:42","Broadcast","ARP","60","","68:f7:28:c4:1d:42","192.168.1.118","Who has 192.168.1.1? Tell 192.168.1.118"
"322","14.916289475","Apple_45:18:cc","Broadcast","ARP","60","","b8:e8:56:45:18:cc","192.168.1.128","Who has 192.168.1.1? Tell 192.168.1.128"
"323","15.080922212","LiteonTe_89:d4:6b","Broadcast","ARP","60","","3c:95:09:89:d4:6b","192.168.1.122","Who has 192.168.1.1? Tell 192.168.1.122"
"324","15.087473359","IntelCor_e4:13:a8","Broadcast","ARP","60","","34:e6:ad:e4:13:a8","192.168.1.108","Who has 192.168.1.1? Tell 192.168.1.108"
"325","15.191745308","5a:1e:90:10:53:d8","Broadcast","ARP","60","","5a:1e:90:10:53:d8","192.168.1.121","Who has 192.168.1.1? Tell 192.168.1.121"
"326","15.230178312","HewlettP_7b:d9:e4","Broadcast","ARP","60","","d4:c9:ef:7b:d9:e4","192.168.1.111","Who has 192.168.1.1? Tell 192.168.1.111"
"328","15.365483985","Dell_15:d1:e0","Broadcast","ARP","60","","28:f1:0e:15:d1:e0","192.168.1.119","Who has 192.168.1.1? Tell 192.168.1.119"
"329","15.388199145","LiteonTe_05:e8:c4","Broadcast","ARP","60","","3c:a0:67:05:e8:c4","192.168.1.144","Who has 192.168.1.1? Tell 192.168.1.144"
"331","15.525012226","Apple_e9:9b:b4","Broadcast","ARP","60","","48:bf:6b:e9:9b:b4","192.168.1.109","Who has 192.168.1.1? Tell 192.168.1.109"
"332","15.565154662","Azurewav_22:40:a3","Broadcast","ARP","60","","28:c2:dd:22:40:a3","192.168.1.147","Who has 192.168.1.1? Tell 192.168.1.147"
"333","15.611516091","Apple_17:08:d0","Broadcast","ARP","60","","a8:bb:cf:17:08:d0","192.168.1.120","Who has 192.168.1.1? Tell 192.168.1.120"
"334","15.660858865","HonHaiPr_a6:69:81","Broadcast","ARP","60","","94:53:30:a6:69:81","192.168.1.131","Who has 192.168.1.1? Tell 192.168.1.131"
"335","15.684179471","LiteonTe_95:f8:bf","Broadcast","ARP","60","","98:22:ef:95:f8:bf","192.168.1.130","Who has 192.168.1.1? Tell 192.168.1.130"
"336","15.832629967","5a:1e:90:10:53:d8","Broadcast","ARP","60","","5a:1e:90:10:53:d8","192.168.1.121","Who has 192.168.1.1? Tell 192.168.1.121"
"337","15.988332525","Apple_45:18:cc","Broadcast","ARP","60","","b8:e8:56:45:18:cc","192.168.1.128","Who has 192.168.1.1? Tell 192.168.1.128"
"338","16.043267604","IntelCor_ce:0a:22","Broadcast","ARP","60","","10:02:b5:ce:0a:22","192.168.1.148","Who has 192.168.1.1? Tell 192.168.1.148"
"339","16.169828332","Azurewav_22:40:a3","Broadcast","ARP","60","","28:c2:dd:22:40:a3","192.168.1.147","Who has 192.168.1.1? Tell 192.168.1.147"
"340","16.220324271","HewlettP_7b:d9:e4","Broadcast","ARP","60","","d4:c9:ef:7b:d9:e4","192.168.1.111","Who has 192.168.1.1? Tell 192.168.1.111"
"341","16.389832938","Dell_15:d1:e0","Broadcast","ARP","60","","28:f1:0e:15:d1:e0","192.168.1.119","Who has 192.168.1.1? Tell 192.168.1.119"
"342","16.410793048","IntelCor_e4:13:a8","Broadcast","ARP","60","","34:e6:ad:e4:13:a8","192.168.1.108","Who has 192.168.1.1? Tell 192.168.1.108"
"345","16.527240406","Apple_e9:9b:b4","Broadcast","ARP","60","","48:bf:6b:e9:9b:b4","192.168.1.109","Who has 192.168.1.1? Tell 192.168.1.109"
"346","16.576391305","SamsungE_38:82:44","Broadcast","ARP","60","","18:67:b0:38:82:44","192.168.1.140","Who has 192.168.1.1? Tell 192.168.1.140"
"347","16.618469382","Apple_17:08:d0","Broadcast","ARP","60","","a8:bb:cf:17:08:d0","192.168.1.120","Who has 192.168.1.1? Tell 192.168.1.120"
"348","16.670767496","Azurewav_22:40:a3","Broadcast","ARP","60","","28:c2:dd:22:40:a3","192.168.1.147","Who has 192.168.1.1? Tell 192.168.1.147"
"349","16.833028910","5a:1e:90:10:53:d8","Broadcast","ARP","60","","5a:1e:90:10:53:d8","192.168.1.121","Who has 192.168.1.1? Tell 192.168.1.121"
"350","16.886949913","IntelCor_ce:0a:22","Broadcast","ARP","60","","10:02:b5:ce:0a:22","192.168.1.148","Who has 192.168.1.1? Tell 192.168.1.148"
"351","16.916667060","HonHaiPr_a6:69:81","Broadcast","ARP","60","","94:53:30:a6:69:81","192.168.1.131","Who has 192.168.1.1? Tell 192.168.1.131"
"352","17.061933706","Apple_45:18:cc","Broadcast","ARP","60","","b8:e8:56:45:18:cc","192.168.1.128","Who has 192.168.1.1? Tell 192.168.1.128"
"353","17.095463865","IntelCor_e4:13:a8","Broadcast","ARP","60","","34:e6:ad:e4:13:a8","192.168.1.108","Who has 192.168.1.1? Tell 192.168.1.108"
"354","17.128071233","LiteonTe_95:f8:bf","Broadcast","ARP","60","","98:22:ef:95:f8:bf","192.168.1.130","Who has 192.168.1.1? Tell 192.168.1.130"
"355","17.219800490","HewlettP_7b:d9:e4","Broadcast","ARP","60","","d4:c9:ef:7b:d9:e4","192.168.1.111","Who has 192.168.1.1? Tell 192.168.1.111"
"356","17.238949606","Azurewav_22:40:a3","Broadcast","ARP","60","","28:c2:dd:22:40:a3","192.168.1.147","Who has 192.168.1.1? Tell 192.168.1.147"
"357","17.335147304","LcfcHefe_c4:1d:42","Broadcast","ARP","60","","68:f7:28:c4:1d:42","192.168.1.118","Who has 192.168.1.1? Tell 192.168.1.118"
"358","17.375376464","HewlettP_46:0f:53","Broadcast","ARP","42","","a0:2b:b8:46:0f:53","192.168.1.106","Who has 192.168.1.1? Tell 192.168.1.106"
"359","17.414942289","Dell_15:d1:e0","Broadcast","ARP","60","","28:f1:0e:15:d1:e0","192.168.1.119","Who has 192.168.1.1? Tell 192.168.1.119"
"361","17.455859663","LiteonTe_89:d4:6b","Broadcast","ARP","60","","3c:95:09:89:d4:6b","192.168.1.122","Who has 192.168.1.1? Tell 192.168.1.122"
"362","17.529900223","Apple_e9:9b:b4","Broadcast","ARP","60","","48:bf:6b:e9:9b:b4","192.168.1.109","Who has 192.168.1.1? Tell 192.168.1.109"
"364","17.594828128","SamsungE_38:82:44","Broadcast","ARP","60","","18:67:b0:38:82:44","192.168.1.140","Who has 192.168.1.1? Tell 192.168.1.140"
"365","17.619923822","Apple_17:08:d0","Broadcast","ARP","60","","a8:bb:cf:17:08:d0","192.168.1.120","Who has 192.168.1.1? Tell 192.168.1.120"
"366","17.662188981","HonHaiPr_a6:69:81","Broadcast","ARP","60","","94:53:30:a6:69:81","192.168.1.131","Who has 192.168.1.1? Tell 192.168.1.131"
"367","17.714589737","LiteonTe_05:e8:c4","Broadcast","ARP","60","","3c:a0:67:05:e8:c4","192.168.1.144","Who has 192.168.1.1? Tell 192.168.1.144"
"368","17.886952288","IntelCor_ce:0a:22","Broadcast","ARP","60","","10:02:b5:ce:0a:22","192.168.1.148","Who has 192.168.1.1? Tell 192.168.1.148"
"369","17.906653109","LcfcHefe_c4:1d:42","Broadcast","ARP","60","","68:f7:28:c4:1d:42","192.168.1.118","Who has 192.168.1.1? Tell 192.168.1.118"
"370","18.080994470","LiteonTe_89:d4:6b","Broadcast","ARP","60","","3c:95:09:89:d4:6b","192.168.1.122","Who has 192.168.1.1? Tell 192.168.1.122"
"371","18.084822698","IntelCor_e4:13:a8","Broadcast","ARP","60","","34:e6:ad:e4:13:a8","192.168.1.108","Who has 192.168.1.1? Tell 192.168.1.108"
"372","18.102116210","Apple_45:18:cc","Broadcast","ARP","60","","b8:e8:56:45:18:cc","192.168.1.128","Who has 192.168.1.1? Tell 192.168.1.128"
"376","18.162236045","LiteonTe_95:f8:bf","Broadcast","ARP","60","","98:22:ef:95:f8:bf","192.168.1.130","Who has 192.168.1.1? Tell 192.168.1.130"
"377","18.207410403","Azurewav_22:40:a3","Broadcast","ARP","60","","28:c2:dd:22:40:a3","192.168.1.147","Who has 192.168.1.1? Tell 192.168.1.147"
"378","18.369067656","Apple_e9:9b:b4","Broadcast","ARP","60","","48:bf:6b:e9:9b:b4","192.168.1.109","Who has 192.168.1.138? Tell 192.168.1.109"
"379","18.378983274","HewlettP_7b:d9:e4","Broadcast","ARP","60","","d4:c9:ef:7b:d9:e4","192.168.1.111","Who has 192.168.1.1? Tell 192.168.1.111"
"380","18.389866826","LiteonTe_05:e8:c4","Broadcast","ARP","60","","3c:a0:67:05:e8:c4","192.168.1.144","Who has 192.168.1.1? Tell 192.168.1.144"
"381","18.401290741","HewlettP_46:0f:53","Broadcast","ARP","42","","a0:2b:b8:46:0f:53","192.168.1.106","Who has 192.168.1.1? Tell 192.168.1.106"
"382","18.438546751","Dell_15:d1:e0","Broadcast","ARP","60","","28:f1:0e:15:d1:e0","192.168.1.119","Who has 192.168.1.1? Tell 192.168.1.119"
"384","18.534921512","Apple_e9:9b:b4","Broadcast","ARP","60","","48:bf:6b:e9:9b:b4","192.168.1.109","Who has 192.168.1.1? Tell 192.168.1.109"
"385","18.619170520","SamsungE_38:82:44","Broadcast","ARP","60","","18:67:b0:38:82:44","192.168.1.140","Who has 192.168.1.1? Tell 192.168.1.140"
"386","18.624313781","Apple_17:08:d0","Broadcast","ARP","60","","a8:bb:cf:17:08:d0","192.168.1.120","Who has 192.168.1.1? Tell 192.168.1.120"
"387","18.668503688","HonHaiPr_a6:69:81","Broadcast","ARP","60","","94:53:30:a6:69:81","192.168.1.131","Who has 192.168.1.1? Tell 192.168.1.131"
"388","18.907083555","LcfcHefe_c4:1d:42","Broadcast","ARP","60","","68:f7:28:c4:1d:42","192.168.1.118","Who has 192.168.1.1? Tell 192.168.1.118"
"390","19.082596205","LiteonTe_89:d4:6b","Broadcast","ARP","60","","3c:95:09:89:d4:6b","192.168.1.122","Who has 192.168.1.1? Tell 192.168.1.122"
"391","19.162468290","Apple_45:18:cc","Broadcast","ARP","60","","b8:e8:56:45:18:cc","192.168.1.128","Who has 192.168.1.1? Tell 192.168.1.128"
"392","19.198327972","LiteonTe_95:f8:bf","Broadcast","ARP","60","","98:22:ef:95:f8:bf","192.168.1.130","Who has 192.168.1.1? Tell 192.168.1.130"
"393","19.221407740","HewlettP_7b:d9:e4","Broadcast","ARP","60","","d4:c9:ef:7b:d9:e4","192.168.1.111","Who has 192.168.1.1? Tell 192.168.1.111"
"394","19.372650473","IntelCor_e4:13:a8","Broadcast","ARP","60","","34:e6:ad:e4:13:a8","192.168.1.108","Who has 192.168.1.1? Tell 192.168.1.108"
"395","19.389959799","LiteonTe_05:e8:c4","Broadcast","ARP","60","","3c:a0:67:05:e8:c4","192.168.1.144","Who has 192.168.1.1? Tell 192.168.1.144"
"396","19.425217850","HewlettP_46:0f:53","Broadcast","ARP","42","","a0:2b:b8:46:0f:53","192.168.1.106","Who has 192.168.1.1? Tell 192.168.1.106"
"398","19.462947103","Dell_15:d1:e0","Broadcast","ARP","60","","28:f1:0e:15:d1:e0","192.168.1.119","Who has 192.168.1.1? Tell 192.168.1.119"
"399","19.496270927","Azurewav_22:40:a3","Broadcast","ARP","60","","28:c2:dd:22:40:a3","192.168.1.147","Who has 192.168.1.1? Tell 192.168.1.147"
"400","19.537990799","Apple_e9:9b:b4","Broadcast","ARP","60","","48:bf:6b:e9:9b:b4","192.168.1.109","Who has 192.168.1.1? Tell 192.168.1.109"
"401","19.626675554","Apple_17:08:d0","Broadcast","ARP","60","","a8:bb:cf:17:08:d0","192.168.1.120","Who has 192.168.1.1? Tell 192.168.1.120"
"402","19.643728731","SamsungE_38:82:44","Broadcast","ARP","60","","18:67:b0:38:82:44","192.168.1.140","Who has 192.168.1.1? Tell 192.168.1.140"
"403","20.083634343","LiteonTe_89:d4:6b","Broadcast","ARP","60","","3c:95:09:89:d4:6b","192.168.1.122","Who has 192.168.1.1? Tell 192.168.1.122"
"404","20.090240877","IntelCor_e4:13:a8","Broadcast","ARP","60","","34:e6:ad:e4:13:a8","192.168.1.108","Who has 192.168.1.1? Tell 192.168.1.108"
"406","20.221818316","HewlettP_7b:d9:e4","Broadcast","ARP","60","","d4:c9:ef:7b:d9:e4","192.168.1.111","Who has 192.168.1.1? Tell 192.168.1.111"
"407","20.224182120","Apple_45:18:cc","Broadcast","ARP","60","","b8:e8:56:45:18:cc","192.168.1.128","Who has 192.168.1.1? Tell 192.168.1.128"
"408","20.233525044","Azurewav_22:40:a3","Broadcast","ARP","60","","28:c2:dd:22:40:a3","192.168.1.147","Who has 192.168.1.1? Tell 192.168.1.147"
"412","20.487401499","Dell_15:d1:e0","Broadcast","ARP","60","","28:f1:0e:15:d1:e0","192.168.1.119","Who has 192.168.1.1? Tell 192.168.1.119"
"413","20.543610171","Apple_e9:9b:b4","Broadcast","ARP","60","","48:bf:6b:e9:9b:b4","192.168.1.109","Who has 192.168.1.1? Tell 192.168.1.109"
"414","20.550551165","LiteonTe_95:f8:bf","Broadcast","ARP","60","","98:22:ef:95:f8:bf","192.168.1.130","Who has 192.168.1.1? Tell 192.168.1.130"
"415","20.627363200","Apple_17:08:d0","Broadcast","ARP","60","","a8:bb:cf:17:08:d0","192.168.1.120","Who has 192.168.1.1? Tell 192.168.1.120"
"416","20.667871165","SamsungE_38:82:44","Broadcast","ARP","60","","18:67:b0:38:82:44","192.168.1.140","Who has 192.168.1.1? Tell 192.168.1.140"
"417","20.767148614","LcfcHefe_c4:1d:42","Broadcast","ARP","60","","68:f7:28:c4:1d:42","192.168.1.118","Who has 192.168.1.1? Tell 192.168.1.118"
"418","20.773887017","AsustekC_37:7a:f9","Broadcast","ARP","60","","2c:56:dc:37:7a:f9","192.168.1.103","Who has 192.168.1.1? Tell 192.168.1.103"
"421","21.082147279","LiteonTe_89:d4:6b","Broadcast","ARP","60","","3c:95:09:89:d4:6b","192.168.1.122","Who has 192.168.1.1? Tell 192.168.1.122"
"422","21.089422348","IntelCor_e4:13:a8","Broadcast","ARP","60","","34:e6:ad:e4:13:a8","192.168.1.108","Who has 192.168.1.1? Tell 192.168.1.108"
"423","21.147573458","IntelCor_ce:0a:22","Broadcast","ARP","60","","10:02:b5:ce:0a:22","192.168.1.148","Who has 192.168.1.1? Tell 192.168.1.148"
"424","21.177419200","Azurewav_22:40:a3","Broadcast","ARP","60","","28:c2:dd:22:40:a3","192.168.1.147","Who has 192.168.1.1? Tell 192.168.1.147"
"425","21.232419584","CompalIn_bd:cd:3a","Broadcast","ARP","60","","f0:76:1c:bd:cd:3a","192.168.1.126","Who has 192.168.1.1? Tell 192.168.1.126"
"426","21.283855385","Apple_45:18:cc","Broadcast","ARP","60","","b8:e8:56:45:18:cc","192.168.1.128","Who has 192.168.1.1? Tell 192.168.1.128"
"427","21.367379701","AsustekC_37:7a:f9","Broadcast","ARP","60","","2c:56:dc:37:7a:f9","192.168.1.103","Who has 192.168.1.1? Tell 192.168.1.103"
"428","21.407908264","LcfcHefe_c4:1d:42","Broadcast","ARP","60","","68:f7:28:c4:1d:42","192.168.1.118","Who has 192.168.1.1? Tell 192.168.1.118"
"430","21.511565937","Dell_15:d1:e0","Broadcast","ARP","60","","28:f1:0e:15:d1:e0","192.168.1.119","Who has 192.168.1.1? Tell 192.168.1.119"
"431","21.549220182","Apple_e9:9b:b4","Broadcast","ARP","60","","48:bf:6b:e9:9b:b4","192.168.1.109","Who has 192.168.1.1? Tell 192.168.1.109"
"432","21.578837898","LiteonTe_95:f8:bf","Broadcast","ARP","60","","98:22:ef:95:f8:bf","192.168.1.130","Who has 192.168.1.1? Tell 192.168.1.130"
"433","21.593546554","Sony_ba:04:92","Broadcast","ARP","60","","54:53:ed:ba:04:92","192.168.1.117","Who has 192.168.1.1? Tell 192.168.1.117"
"434","21.627688341","Apple_17:08:d0","Broadcast","ARP","60","","a8:bb:cf:17:08:d0","192.168.1.120","Who has 192.168.1.1? Tell 192.168.1.120"
"435","21.692345038","SamsungE_38:82:44","Broadcast","ARP","60","","18:67:b0:38:82:44","192.168.1.140","Who has 192.168.1.1? Tell 192.168.1.140"
"436","21.860648649","HewlettP_46:0f:53","Broadcast","ARP","42","","a0:2b:b8:46:0f:53","192.168.1.106","Who has 192.168.1.1? Tell 192.168.1.106"
"437","21.887380242","IntelCor_ce:0a:22","Broadcast","ARP","60","","10:02:b5:ce:0a:22","192.168.1.148","Who has 192.168.1.1? Tell 192.168.1.148"
"438","22.144398423","CompalIn_bd:cd:3a","Broadcast","ARP","60","","f0:76:1c:bd:cd:3a","192.168.1.126","Who has 192.168.1.1? Tell 192.168.1.126"
"439","22.168509404","Sony_ba:04:92","Broadcast","ARP","60","","54:53:ed:ba:04:92","192.168.1.117","Who has 192.168.1.1? Tell 192.168.1.117"
"440","22.174835021","HonHaiPr_a6:69:81","Broadcast","ARP","60","","94:53:30:a6:69:81","192.168.1.131","Who has 192.168.1.1? Tell 192.168.1.131"
"441","22.179318049","LiteonTe_89:d4:6b","Broadcast","ARP","60","","3c:95:09:89:d4:6b","192.168.1.122","Who has 192.168.1.1? Tell 192.168.1.122"
"442","22.229488743","5a:1e:90:10:53:d8","Broadcast","ARP","60","","5a:1e:90:10:53:d8","192.168.1.121","Who has 192.168.1.1? Tell 192.168.1.121"
"443","22.353963976","Apple_45:18:cc","Broadcast","ARP","60","","b8:e8:56:45:18:cc","192.168.1.128","Who has 192.168.1.1? Tell 192.168.1.128"
"444","22.367691313","AsustekC_37:7a:f9","Broadcast","ARP","60","","2c:56:dc:37:7a:f9","192.168.1.103","Who has 192.168.1.1? Tell 192.168.1.103"
"445","22.408453385","LcfcHefe_c4:1d:42","Broadcast","ARP","60","","68:f7:28:c4:1d:42","192.168.1.118","Who has 192.168.1.1? Tell 192.168.1.118"
"448","22.535949142","Dell_15:d1:e0","Broadcast","ARP","60","","28:f1:0e:15:d1:e0","192.168.1.119","Who has 192.168.1.1? Tell 192.168.1.119"
"449","22.554867992","Apple_e9:9b:b4","Broadcast","ARP","60","","48:bf:6b:e9:9b:b4","192.168.1.109","Who has 192.168.1.1? Tell 192.168.1.109"
"451","22.595827271","IntelCor_e4:13:a8","Broadcast","ARP","60","","34:e6:ad:e4:13:a8","192.168.1.108","Who has 192.168.1.1? Tell 192.168.1.108"
"452","22.604086426","LiteonTe_95:f8:bf","Broadcast","ARP","60","","98:22:ef:95:f8:bf","192.168.1.130","Who has 192.168.1.1? Tell 192.168.1.130"
"453","22.625882862","Apple_9b:8a:79","Broadcast","ARP","60","","68:5b:35:9b:8a:79","192.168.1.142","Who has 192.168.1.1? Tell 192.168.1.142"
"454","22.633670416","Apple_17:08:d0","Broadcast","ARP","60","","a8:bb:cf:17:08:d0","192.168.1.120","Who has 192.168.1.1? Tell 192.168.1.120"
"455","22.635778796","Azurewav_22:40:a3","Broadcast","ARP","60","","28:c2:dd:22:40:a3","192.168.1.147","Who has 192.168.1.1? Tell 192.168.1.147"
"456","22.716943045","SamsungE_38:82:44","Broadcast","ARP","60","","18:67:b0:38:82:44","192.168.1.140","Who has 192.168.1.1? Tell 192.168.1.140"
"457","22.839722647","5a:1e:90:10:53:d8","Broadcast","ARP","60","","5a:1e:90:10:53:d8","192.168.1.121","Who has 192.168.1.1? Tell 192.168.1.121"
"458","22.881214504","HewlettP_46:0f:53","Broadcast","ARP","42","","a0:2b:b8:46:0f:53","192.168.1.106","Who has 192.168.1.1? Tell 192.168.1.106"
"459","22.887487711","IntelCor_ce:0a:22","Broadcast","ARP","60","","10:02:b5:ce:0a:22","192.168.1.148","Who has 192.168.1.1? Tell 192.168.1.148"
"460","22.975304561","LiteonTe_89:d4:6b","Broadcast","ARP","60","","3c:95:09:89:d4:6b","192.168.1.122","Who has 192.168.1.144? Tell 192.168.1.122"
"463","23.085511961","LiteonTe_89:d4:6b","Broadcast","ARP","60","","3c:95:09:89:d4:6b","192.168.1.122","Who has 192.168.1.1? Tell 192.168.1.122"
"464","23.148892025","CompalIn_bd:cd:3a","Broadcast","ARP","60","","f0:76:1c:bd:cd:3a","192.168.1.126","Who has 192.168.1.1? Tell 192.168.1.126"
"465","23.157246062","HonHaiPr_a6:69:81","Broadcast","ARP","60","","94:53:30:a6:69:81","192.168.1.131","Who has 192.168.1.1? Tell 192.168.1.131"
"466","23.166421792","Azurewav_22:40:a3","Broadcast","ARP","60","","28:c2:dd:22:40:a3","192.168.1.147","Who has 192.168.1.1? Tell 192.168.1.147"
"467","23.168732822","Sony_ba:04:92","Broadcast","ARP","60","","54:53:ed:ba:04:92","192.168.1.117","Who has 192.168.1.1? Tell 192.168.1.117"
"468","23.404231905","Apple_45:18:cc","Broadcast","ARP","60","","b8:e8:56:45:18:cc","192.168.1.128","Who has 192.168.1.1? Tell 192.168.1.128"
"470","23.560585481","Apple_e9:9b:b4","Broadcast","ARP","60","","48:bf:6b:e9:9b:b4","192.168.1.109","Who has 192.168.1.1? Tell 192.168.1.109"
"471","23.565220491","Dell_15:d1:e0","Broadcast","ARP","60","","28:f1:0e:15:d1:e0","192.168.1.119","Who has 192.168.1.1? Tell 192.168.1.119"
"472","23.604064976","IntelCor_e4:13:a8","Broadcast","ARP","60","","34:e6:ad:e4:13:a8","192.168.1.108","Who has 192.168.1.1? Tell 192.168.1.108"
"473","23.630894963","Apple_17:08:d0","Broadcast","ARP","60","","a8:bb:cf:17:08:d0","192.168.1.120","Who has 192.168.1.1? Tell 192.168.1.120"
"476","23.741070051","SamsungE_38:82:44","Broadcast","ARP","60","","18:67:b0:38:82:44","192.168.1.140","Who has 192.168.1.1? Tell 192.168.1.140"
"486","23.836143533","5a:1e:90:10:53:d8","Broadcast","ARP","60","","5a:1e:90:10:53:d8","192.168.1.121","Who has 192.168.1.1? Tell 192.168.1.121"
"487","23.846387425","LiteonTe_95:f8:bf","Broadcast","ARP","60","","98:22:ef:95:f8:bf","192.168.1.130","Who has 192.168.1.1? Tell 192.168.1.130"
"488","23.905233894","HewlettP_46:0f:53","Broadcast","ARP","42","","a0:2b:b8:46:0f:53","192.168.1.106","Who has 192.168.1.1? Tell 192.168.1.106"
"491","24.091405960","LiteonTe_89:d4:6b","Broadcast","ARP","60","","3c:95:09:89:d4:6b","192.168.1.122","Who has 192.168.1.1? Tell 192.168.1.122"
"492","24.160624374","HonHaiPr_a6:69:81","Broadcast","ARP","60","","94:53:30:a6:69:81","192.168.1.131","Who has 192.168.1.1? Tell 192.168.1.131"
"493","24.171949904","Azurewav_22:40:a3","Broadcast","ARP","60","","28:c2:dd:22:40:a3","192.168.1.147","Who has 192.168.1.1? Tell 192.168.1.147"
"494","24.233952152","CompalIn_bd:cd:3a","Broadcast","ARP","60","","f0:76:1c:bd:cd:3a","192.168.1.126","Who has 192.168.1.1? Tell 192.168.1.126"
"495","24.389914460","HewlettP_7b:d9:e4","Broadcast","ARP","60","","d4:c9:ef:7b:d9:e4","192.168.1.111","Who has 192.168.1.1? Tell 192.168.1.111"
"498","24.462158831","Apple_45:18:cc","Broadcast","ARP","60","","b8:e8:56:45:18:cc","192.168.1.128","Who has 192.168.1.1? Tell 192.168.1.128"
"499","24.566255713","Apple_e9:9b:b4","Broadcast","ARP","60","","48:bf:6b:e9:9b:b4","192.168.1.109","Who has 192.168.1.1? Tell 192.168.1.109"
"500","24.584706750","Dell_15:d1:e0","Broadcast","ARP","60","","28:f1:0e:15:d1:e0","192.168.1.119","Who has 192.168.1.1? Tell 192.168.1.119"
"501","24.592245702","IntelCor_e4:13:a8","Broadcast","ARP","60","","34:e6:ad:e4:13:a8","192.168.1.108","Who has 192.168.1.1? Tell 192.168.1.108"
"502","24.627900832","Apple_17:08:d0","Broadcast","ARP","60","","a8:bb:cf:17:08:d0","192.168.1.120","Who has 192.168.1.1? Tell 192.168.1.120"
"503","24.765562393","SamsungE_38:82:44","Broadcast","ARP","60","","18:67:b0:38:82:44","192.168.1.140","Who has 192.168.1.1? Tell 192.168.1.140"
"505","24.876405690","LiteonTe_95:f8:bf","Broadcast","ARP","60","","98:22:ef:95:f8:bf","192.168.1.130","Who has 192.168.1.1? Tell 192.168.1.130"
"506","25.146276089","CompalIn_bd:cd:3a","Broadcast","ARP","60","","f0:76:1c:bd:cd:3a","192.168.1.126","Who has 192.168.1.1? Tell 192.168.1.126"
"507","25.159230306","HonHaiPr_a6:69:81","Broadcast","ARP","60","","94:53:30:a6:69:81","192.168.1.131","Who has 192.168.1.1? Tell 192.168.1.131"
"508","25.186732450","IntelCor_ce:0a:22","Broadcast","ARP","60","","10:02:b5:ce:0a:22","192.168.1.148","Who has 192.168.1.1? Tell 192.168.1.148"
"509","25.222748144","HewlettP_7b:d9:e4","Broadcast","ARP","60","","d4:c9:ef:7b:d9:e4","192.168.1.111","Who has 192.168.1.1? Tell 192.168.1.111"
"511","25.338890240","LiteonTe_89:d4:6b","Broadcast","ARP","60","","3c:95:09:89:d4:6b","192.168.1.122","Who has 192.168.1.1? Tell 192.168.1.122"
"512","25.348191171","LcfcHefe_c4:1d:42","Broadcast","ARP","60","","68:f7:28:c4:1d:42","192.168.1.118","Who has 192.168.1.1? Tell 192.168.1.118"
"513","25.436574822","IntelCor_e4:13:a8","Broadcast","ARP","60","","34:e6:ad:e4:13:a8","192.168.1.108","Who has 192.168.1.1? Tell 192.168.1.108"
"515","25.514710416","Apple_45:18:cc","Broadcast","ARP","60","","b8:e8:56:45:18:cc","192.168.1.128","Who has 192.168.1.1? Tell 192.168.1.128"
"516","25.572123796","Apple_e9:9b:b4","Broadcast","ARP","60","","48:bf:6b:e9:9b:b4","192.168.1.109","Who has 192.168.1.1? Tell 192.168.1.109"
"517","25.585614312","IntelCor_e4:13:a8","Broadcast","ARP","60","","34:e6:ad:e4:13:a8","192.168.1.108","Who has 192.168.1.1? Tell 192.168.1.108"
"518","25.595038307","LiteonTe_05:e8:c4","Broadcast","ARP","60","","3c:a0:67:05:e8:c4","192.168.1.144","Who has 192.168.1.1? Tell 192.168.1.144"
"519","25.609134745","Dell_15:d1:e0","Broadcast","ARP","60","","28:f1:0e:15:d1:e0","192.168.1.119","Who has 192.168.1.1? Tell 192.168.1.119"
"520","25.638737464","Apple_17:08:d0","Broadcast","ARP","60","","a8:bb:cf:17:08:d0","192.168.1.120","Who has 192.168.1.1? Tell 192.168.1.120"
"521","25.786859090","RivetNet_f1:04:17","Broadcast","ARP","60","","9c:b6:d0:f1:04:17","192.168.1.132","Who has 192.168.1.106? Tell 192.168.1.132"
"522","25.786888616","HewlettP_46:0f:53","RivetNet_f1:04:17","ARP","42","","a0:2b:b8:46:0f:53","192.168.1.106","192.168.1.106 is at a0:2b:b8:46:0f:53"
"523","25.790134619","SamsungE_38:82:44","Broadcast","ARP","60","","18:67:b0:38:82:44","192.168.1.140","Who has 192.168.1.1? Tell 192.168.1.140"
"527","25.885257775","HonHaiPr_dd:2a:cd","Broadcast","ARP","60","","14:2d:27:dd:2a:cd","192.168.1.145","Who has 192.168.1.1? Tell 192.168.1.145"
"528","25.887869773","IntelCor_ce:0a:22","Broadcast","ARP","60","","10:02:b5:ce:0a:22","192.168.1.148","Who has 192.168.1.1? Tell 192.168.1.148"
"529","25.900351280","LiteonTe_95:f8:bf","Broadcast","ARP","60","","98:22:ef:95:f8:bf","192.168.1.130","Who has 192.168.1.1? Tell 192.168.1.130"
"531","25.913158743","LcfcHefe_c4:1d:42","Broadcast","ARP","60","","68:f7:28:c4:1d:42","192.168.1.118","Who has 192.168.1.1? Tell 192.168.1.118"
"534","26.084615001","LiteonTe_89:d4:6b","Broadcast","ARP","60","","3c:95:09:89:d4:6b","192.168.1.122","Who has 192.168.1.1? Tell 192.168.1.122"
"535","26.146849855","CompalIn_bd:cd:3a","Broadcast","ARP","60","","f0:76:1c:bd:cd:3a","192.168.1.126","Who has 192.168.1.1? Tell 192.168.1.126"
"536","26.160969655","HonHaiPr_a6:69:81","Broadcast","ARP","60","","94:53:30:a6:69:81","192.168.1.131","Who has 192.168.1.1? Tell 192.168.1.131"
"537","26.223650266","HewlettP_7b:d9:e4","Broadcast","ARP","60","","d4:c9:ef:7b:d9:e4","192.168.1.111","Who has 192.168.1.1? Tell 192.168.1.111"
"538","26.228398218","5a:1e:90:10:53:d8","Broadcast","ARP","60","","5a:1e:90:10:53:d8","192.168.1.121","Who has 192.168.1.1? Tell 192.168.1.121"
"544","26.419067094","LiteonTe_05:e8:c4","Broadcast","ARP","60","","3c:a0:67:05:e8:c4","192.168.1.144","Who has 192.168.1.1? Tell 192.168.1.144"
"548","26.572290608","Apple_45:18:cc","Broadcast","ARP","60","","b8:e8:56:45:18:cc","192.168.1.128","Who has 192.168.1.1? Tell 192.168.1.128"
"549","26.577506317","Apple_e9:9b:b4","Broadcast","ARP","60","","48:bf:6b:e9:9b:b4","192.168.1.109","Who has 192.168.1.1? Tell 192.168.1.109"
"550","26.587126364","IntelCor_e4:13:a8","Broadcast","ARP","60","","34:e6:ad:e4:13:a8","192.168.1.108","Who has 192.168.1.1? Tell 192.168.1.108"
"551","26.588171529","HonHaiPr_dd:2a:cd","Broadcast","ARP","60","","14:2d:27:dd:2a:cd","192.168.1.145","Who has 192.168.1.1? Tell 192.168.1.145"
"552","26.634230994","Dell_15:d1:e0","Broadcast","ARP","60","","28:f1:0e:15:d1:e0","192.168.1.119","Who has 192.168.1.1? Tell 192.168.1.119"
"553","26.638637888","Apple_17:08:d0","Broadcast","ARP","60","","a8:bb:cf:17:08:d0","192.168.1.120","Who has 192.168.1.1? Tell 192.168.1.120"
"556","26.814289832","SamsungE_38:82:44","Broadcast","ARP","60","","18:67:b0:38:82:44","192.168.1.140","Who has 192.168.1.1? Tell 192.168.1.140"
"558","26.837811853","5a:1e:90:10:53:d8","Broadcast","ARP","60","","5a:1e:90:10:53:d8","192.168.1.121","Who has 192.168.1.1? Tell 192.168.1.121"
"559","26.865527517","HewlettP_46:0f:53","Broadcast","ARP","42","","a0:2b:b8:46:0f:53","192.168.1.106","Who has 192.168.1.1? Tell 192.168.1.106"
"560","26.887991179","IntelCor_ce:0a:22","Broadcast","ARP","60","","10:02:b5:ce:0a:22","192.168.1.148","Who has 192.168.1.1? Tell 192.168.1.148"
"561","26.916876310","LcfcHefe_c4:1d:42","Broadcast","ARP","60","","68:f7:28:c4:1d:42","192.168.1.118","Who has 192.168.1.1? Tell 192.168.1.118"
"732","27.084471567","LiteonTe_89:d4:6b","Broadcast","ARP","60","","3c:95:09:89:d4:6b","192.168.1.122","Who has 192.168.1.1? Tell 192.168.1.122"
"733","27.104766863","LiteonTe_95:f8:bf","Broadcast","ARP","60","","98:22:ef:95:f8:bf","192.168.1.130","Who has 192.168.1.1? Tell 192.168.1.130"
"734","27.161428783","HonHaiPr_a6:69:81","Broadcast","ARP","60","","94:53:30:a6:69:81","192.168.1.131","Who has 192.168.1.1? Tell 192.168.1.131"
"737","27.392526797","LiteonTe_05:e8:c4","Broadcast","ARP","60","","3c:a0:67:05:e8:c4","192.168.1.144","Who has 192.168.1.1? Tell 192.168.1.144"
"744","27.585487545","HonHaiPr_dd:2a:cd","Broadcast","ARP","60","","14:2d:27:dd:2a:cd","192.168.1.145","Who has 192.168.1.1? Tell 192.168.1.145"
"745","27.642067372","Apple_17:08:d0","Broadcast","ARP","60","","a8:bb:cf:17:08:d0","192.168.1.120","Who has 192.168.1.1? Tell 192.168.1.120"
"747","27.646550656","Apple_45:18:cc","Broadcast","ARP","60","","b8:e8:56:45:18:cc","192.168.1.128","Who has 192.168.1.1? Tell 192.168.1.128"
"748","27.657929546","Dell_15:d1:e0","Broadcast","ARP","60","","28:f1:0e:15:d1:e0","192.168.1.119","Who has 192.168.1.1? Tell 192.168.1.119"
"749","27.682890541","IntelCor_e4:13:a8","Broadcast","ARP","60","","34:e6:ad:e4:13:a8","192.168.1.108","Who has 192.168.1.1? Tell 192.168.1.108"
"757","27.838645982","SamsungE_38:82:44","Broadcast","ARP","60","","18:67:b0:38:82:44","192.168.1.140","Who has 192.168.1.1? Tell 192.168.1.140"
"758","27.839346784","5a:1e:90:10:53:d8","Broadcast","ARP","60","","5a:1e:90:10:53:d8","192.168.1.121","Who has 192.168.1.1? Tell 192.168.1.121"
"759","27.873245943","HewlettP_46:0f:53","Broadcast","ARP","42","","a0:2b:b8:46:0f:53","192.168.1.106","Who has 192.168.1.1? Tell 192.168.1.106"
"763","28.077153893","LcfcHefe_c4:1d:42","Broadcast","ARP","60","","68:f7:28:c4:1d:42","192.168.1.118","Who has 192.168.1.1? Tell 192.168.1.118"
"764","28.084567500","LiteonTe_89:d4:6b","Broadcast","ARP","60","","3c:95:09:89:d4:6b","192.168.1.122","Who has 192.168.1.1? Tell 192.168.1.122"
"765","28.110154803","LiteonTe_95:f8:bf","Broadcast","ARP","60","","98:22:ef:95:f8:bf","192.168.1.130","Who has 192.168.1.1? Tell 192.168.1.130"
"776","28.588921993","IntelCor_e4:13:a8","Broadcast","ARP","60","","34:e6:ad:e4:13:a8","192.168.1.108","Who has 192.168.1.1? Tell 192.168.1.108"
"777","28.643581414","Apple_17:08:d0","Broadcast","ARP","60","","a8:bb:cf:17:08:d0","192.168.1.120","Who has 192.168.1.1? Tell 192.168.1.120"
"779","28.682209408","Dell_15:d1:e0","Broadcast","ARP","60","","28:f1:0e:15:d1:e0","192.168.1.119","Who has 192.168.1.1? Tell 192.168.1.119"
"780","28.706281030","Apple_45:18:cc","Broadcast","ARP","60","","b8:e8:56:45:18:cc","192.168.1.128","Who has 192.168.1.1? Tell 192.168.1.128"
"784","28.838991585","5a:1e:90:10:53:d8","Broadcast","ARP","60","","5a:1e:90:10:53:d8","192.168.1.121","Who has 192.168.1.1? Tell 192.168.1.121"
"785","28.863255560","SamsungE_38:82:44","Broadcast","ARP","60","","18:67:b0:38:82:44","192.168.1.140","Who has 192.168.1.1? Tell 192.168.1.140"
"786","28.874544251","IntelCor_77:4f:9d","Broadcast","ARP","60","","10:02:b5:77:4f:9d","192.168.1.138","Who has 192.168.1.1? Tell 192.168.1.138"
"787","28.897290015","HewlettP_46:0f:53","Broadcast","ARP","42","","a0:2b:b8:46:0f:53","192.168.1.106","Who has 192.168.1.1? Tell 192.168.1.106"
"788","28.904068544","LcfcHefe_c4:1d:42","Broadcast","ARP","60","","68:f7:28:c4:1d:42","192.168.1.118","Who has 192.168.1.1? Tell 192.168.1.118"
"791","29.085139825","LiteonTe_89:d4:6b","Broadcast","ARP","60","","3c:95:09:89:d4:6b","192.168.1.122","Who has 192.168.1.1? Tell 192.168.1.122"
"792","29.135364646","LiteonTe_95:f8:bf","Broadcast","ARP","60","","98:22:ef:95:f8:bf","192.168.1.130","Who has 192.168.1.1? Tell 192.168.1.130"
"793","29.200952204","IntelCor_ce:0a:22","Broadcast","ARP","60","","10:02:b5:ce:0a:22","192.168.1.148","Who has 192.168.1.1? Tell 192.168.1.148"
"804","29.589104997","IntelCor_e4:13:a8","Broadcast","ARP","60","","34:e6:ad:e4:13:a8","192.168.1.108","Who has 192.168.1.1? Tell 192.168.1.108"
"805","29.643055811","Apple_17:08:d0","Broadcast","ARP","60","","a8:bb:cf:17:08:d0","192.168.1.120","Who has 192.168.1.1? Tell 192.168.1.120"
"806","29.707202385","Dell_15:d1:e0","Broadcast","ARP","60","","28:f1:0e:15:d1:e0","192.168.1.119","Who has 192.168.1.1? Tell 192.168.1.119"
"807","29.736858515","LiteonTe_05:e8:c4","Broadcast","ARP","60","","3c:a0:67:05:e8:c4","192.168.1.144","Who has 192.168.1.1? Tell 192.168.1.144"
"808","29.751123696","IntelCor_77:4f:9d","Broadcast","ARP","60","","10:02:b5:77:4f:9d","192.168.1.138","Who has 192.168.1.1? Tell 192.168.1.138"
"813","29.802527573","Apple_45:18:cc","Broadcast","ARP","60","","b8:e8:56:45:18:cc","192.168.1.128","Who has 192.168.1.1? Tell 192.168.1.128"
"815","29.887449494","SamsungE_38:82:44","Broadcast","ARP","60","","18:67:b0:38:82:44","192.168.1.140","Who has 192.168.1.1? Tell 192.168.1.140"
"816","29.888449834","IntelCor_ce:0a:22","Broadcast","ARP","60","","10:02:b5:ce:0a:22","192.168.1.148","Who has 192.168.1.1? Tell 192.168.1.148"
"817","29.906170449","LcfcHefe_c4:1d:42","Broadcast","ARP","60","","68:f7:28:c4:1d:42","192.168.1.118","Who has 192.168.1.1? Tell 192.168.1.118"
"818","29.959600296","HonHaiPr_a6:69:81","Broadcast","ARP","60","","94:53:30:a6:69:81","192.168.1.131","Who has 192.168.1.1? Tell 192.168.1.131"
"820","30.089287581","LiteonTe_89:d4:6b","Broadcast","ARP","60","","3c:95:09:89:d4:6b","192.168.1.122","Who has 192.168.1.1? Tell 192.168.1.122"
"822","30.230674131","5a:1e:90:10:53:d8","Broadcast","ARP","60","","5a:1e:90:10:53:d8","192.168.1.121","Who has 192.168.1.1? Tell 192.168.1.121"
"823","30.237519994","CompalIn_bd:cd:3a","Broadcast","ARP","60","","f0:76:1c:bd:cd:3a","192.168.1.126","Who has 192.168.1.1? Tell 192.168.1.126"
"825","30.329578887","LiteonTe_95:f8:bf","Broadcast","ARP","60","","98:22:ef:95:f8:bf","192.168.1.130","Who has 192.168.1.1? Tell 192.168.1.130"
"826","30.393675419","LiteonTe_05:e8:c4","Broadcast","ARP","60","","3c:a0:67:05:e8:c4","192.168.1.144","Who has 192.168.1.1? Tell 192.168.1.144"
"829","30.647117020","Apple_17:08:d0","Broadcast","ARP","60","","a8:bb:cf:17:08:d0","192.168.1.120","Who has 192.168.1.1? Tell 192.168.1.120"
"830","30.670995610","HonHaiPr_a6:69:81","Broadcast","ARP","60","","94:53:30:a6:69:81","192.168.1.131","Who has 192.168.1.1? Tell 192.168.1.131"
"831","30.735019234","Dell_15:d1:e0","Broadcast","ARP","60","","28:f1:0e:15:d1:e0","192.168.1.119","Who has 192.168.1.1? Tell 192.168.1.119"
"832","30.751541849","IntelCor_77:4f:9d","Broadcast","ARP","60","","10:02:b5:77:4f:9d","192.168.1.138","Who has 192.168.1.1? Tell 192.168.1.138"
"833","30.807230889","Apple_45:18:cc","Broadcast","ARP","60","","b8:e8:56:45:18:cc","192.168.1.128","Who has 192.168.1.1? Tell 192.168.1.128"
"834","30.839848901","5a:1e:90:10:53:d8","Broadcast","ARP","60","","5a:1e:90:10:53:d8","192.168.1.121","Who has 192.168.1.1? Tell 192.168.1.121"
"836","30.881280864","HewlettP_46:0f:53","RivetNet_f1:04:17","ARP","42","","a0:2b:b8:46:0f:53","192.168.1.106","Who has 192.168.1.132? Tell 192.168.1.106"
"837","30.889155793","IntelCor_ce:0a:22","Broadcast","ARP","60","","10:02:b5:ce:0a:22","192.168.1.148","Who has 192.168.1.1? Tell 192.168.1.148"
"838","30.904808495","LcfcHefe_c4:1d:42","Broadcast","ARP","60","","68:f7:28:c4:1d:42","192.168.1.118","Who has 192.168.1.1? Tell 192.168.1.118"
"840","30.911807975","SamsungE_38:82:44","Broadcast","ARP","60","","18:67:b0:38:82:44","192.168.1.140","Who has 192.168.1.1? Tell 192.168.1.140"
"842","30.982402880","RivetNet_f1:04:17","HewlettP_46:0f:53","ARP","60","","9c:b6:d0:f1:04:17","192.168.1.132","192.168.1.132 is at 9c:b6:d0:f1:04:17"
"843","30.999075209","AsustekC_37:7a:f9","Broadcast","ARP","60","","2c:56:dc:37:7a:f9","192.168.1.103","Who has 192.168.1.1? Tell 192.168.1.103"
"844","31.153402033","CompalIn_bd:cd:3a","Broadcast","ARP","60","","f0:76:1c:bd:cd:3a","192.168.1.126","Who has 192.168.1.1? Tell 192.168.1.126"
"845","31.172620316","LiteonTe_89:d4:6b","Broadcast","ARP","60","","3c:95:09:89:d4:6b","192.168.1.122","Who has 192.168.1.1? Tell 192.168.1.122"
"846","31.342714764","LiteonTe_95:f8:bf","Broadcast","ARP","60","","98:22:ef:95:f8:bf","192.168.1.130","Who has 192.168.1.1? Tell 192.168.1.130"
"847","31.393992495","LiteonTe_05:e8:c4","Broadcast","ARP","60","","3c:a0:67:05:e8:c4","192.168.1.144","Who has 192.168.1.1? Tell 192.168.1.144"
"860","31.498308892","Azurewav_22:40:a3","Broadcast","ARP","60","","28:c2:dd:22:40:a3","192.168.1.147","Who has 192.168.1.1? Tell 192.168.1.147"
"864","31.605485479","Azurewav_22:40:a3","Broadcast","ARP","60","","28:c2:dd:22:40:a3","192.168.1.147","Who has 192.168.1.146? Tell 192.168.1.147"
"871","31.650556546","HewlettP_7b:d9:e4","Broadcast","ARP","60","","d4:c9:ef:7b:d9:e4","192.168.1.111","Who has 192.168.1.1? Tell 192.168.1.111"
"876","31.652335187","Apple_17:08:d0","Broadcast","ARP","60","","a8:bb:cf:17:08:d0","192.168.1.120","Who has 192.168.1.1? Tell 192.168.1.120"
"883","31.669083222","HonHaiPr_a6:69:81","Broadcast","ARP","60","","94:53:30:a6:69:81","192.168.1.131","Who has 192.168.1.1? Tell 192.168.1.131"
"888","31.752594737","IntelCor_77:4f:9d","Broadcast","ARP","60","","10:02:b5:77:4f:9d","192.168.1.138","Who has 192.168.1.1? Tell 192.168.1.138"
"889","31.755345008","Dell_15:d1:e0","Broadcast","ARP","60","","28:f1:0e:15:d1:e0","192.168.1.119","Who has 192.168.1.1? Tell 192.168.1.119"
"894","31.840462658","5a:1e:90:10:53:d8","Broadcast","ARP","60","","5a:1e:90:10:53:d8","192.168.1.121","Who has 192.168.1.1? Tell 192.168.1.121"
"895","31.870632267","AsustekC_37:7a:f9","Broadcast","ARP","60","","2c:56:dc:37:7a:f9","192.168.1.103","Who has 192.168.1.1? Tell 192.168.1.103"
"896","31.875557049","HewlettP_46:0f:53","Broadcast","ARP","42","","a0:2b:b8:46:0f:53","192.168.1.106","Who has 192.168.1.1? Tell 192.168.1.106"
"897","31.878070662","Apple_45:18:cc","Broadcast","ARP","60","","b8:e8:56:45:18:cc","192.168.1.128","Who has 192.168.1.1? Tell 192.168.1.128"
"898","31.888723546","IntelCor_ce:0a:22","Broadcast","ARP","60","","10:02:b5:ce:0a:22","192.168.1.148","Who has 192.168.1.1? Tell 192.168.1.148"
"899","31.905446943","LcfcHefe_c4:1d:42","Broadcast","ARP","60","","68:f7:28:c4:1d:42","192.168.1.118","Who has 192.168.1.1? Tell 192.168.1.118"
"901","31.936369271","SamsungE_38:82:44","Broadcast","ARP","60","","18:67:b0:38:82:44","192.168.1.140","Who has 192.168.1.1? Tell 192.168.1.140"
"905","32.086456618","LiteonTe_89:d4:6b","Broadcast","ARP","60","","3c:95:09:89:d4:6b","192.168.1.122","Who has 192.168.1.1? Tell 192.168.1.122"
"906","32.153740352","CompalIn_bd:cd:3a","Broadcast","ARP","60","","f0:76:1c:bd:cd:3a","192.168.1.126","Who has 192.168.1.1? Tell 192.168.1.126"
"907","32.172227320","Azurewav_22:40:a3","Broadcast","ARP","60","","28:c2:dd:22:40:a3","192.168.1.147","Who has 192.168.1.1? Tell 192.168.1.147"
"910","32.226330441","HewlettP_7b:d9:e4","Broadcast","ARP","60","","d4:c9:ef:7b:d9:e4","192.168.1.111","Who has 192.168.1.1? Tell 192.168.1.111"
